Workbook

Sheet By architecture
A1: Accuracy and macro F1 by architecture and split arm
A2: NLST, 200 participants, 5,810 slices. Mean and SD across 3 seeds. Measured values from data/results_nlst.csv and results_control_knn.csv.
A4: Method | B4: Split arm | C4: Accuracy mean | D4: Accuracy SD | E4: Macro F1 mean | F4: Macro F1 SD | G4: Macro AUC | H4: Seeds
A5: lungcnet | B5: Slice-level | C5: 64.6 | D5: 1.16 | E5: 62.56 | F5: 0.97 | G5: 0.8209 | H5: 3
A6: lungcnet | B6: Exam-level | C6: 48.04 | D6: 1.21 | E6: 35.49 | F6: 1.19 | G6: 0.5878 | H6: 3
A7: lungcnet | B7: Participant-level | C7: 41.37 | D7: 2.23 | E7: 30.32 | F7: 1.87 | G7: 0.4782 | H7: 3
A8: vgg16 | B8: Slice-level | C8: 76.74 | D8: 2.51 | E8: 75.61 | F8: 2.68 | G8: 0.914 | H8: 3
A9: vgg16 | B9: Exam-level | C9: 48.65 | D9: 0.88 | E9: 36.46 | F9: 0.47 | G9: 0.6292 | H9: 3
A10: vgg16 | B10: Participant-level | C10: 43.74 | D10: 3.41 | E10: 31.75 | F10: 2.03 | G10: 0.5436 | H10: 3
A11: inceptionv3 | B11: Slice-level | C11: 59.41 | D11: 0.05 | E11: 56.56 | F11: 0.32 | G11: 0.7655 | H11: 3
A12: inceptionv3 | B12: Exam-level | C12: 49.54 | D12: 2.5 | E12: 44.57 | F12: 2.81 | G12: 0.6554 | H12: 3
A13: inceptionv3 | B13: Participant-level | C13: 42.49 | D13: 2.74 | E13: 33.29 | F13: 3.49 | G13: 0.56 | H13: 3
A14: mobilenetv2 | B14: Slice-level | C14: 57.98 | D14: 18.16 | E14: 54.09 | F14: 20.19 | G14: 0.7746 | H14: 3
A15: mobilenetv2 | B15: Exam-level | C15: 50.12 | D15: 1.99 | E15: 41.04 | F15: 5.68 | G15: 0.6489 | H15: 3
A16: mobilenetv2 | B16: Participant-level | C16: 41.93 | D16: 6.33 | E16: 35.47 | F16: 3.35 | G16: 0.5531 | H16: 3
A17: 1-NN raw pixels | B17: Slice-level | C17: 66.9 | D17: 1.06 | E17: 65.56 | F17: 1.16 | H17: 3
A18: 1-NN raw pixels | B18: Exam-level | C18: 47.33 | D18: 2.02 | E18: 45.33 | F18: 1.5 | H18: 3
A19: 1-NN raw pixels | B19: Participant-level | C19: 38.01 | D19: 0.49 | E19: 35.07 | F19: 0.51 | H19: 3
A21: The 1-NN control classifies each test slice by the label of its nearest training slice in 32x32 greyscale pixel space. It has no capacity to learn a diagnostic feature; it can only retrieve. Macro AUC is undefined for it.

Sheet Summary by arm
A1: Trained models against the retrieval control
A2: Accuracy in percentage points. CNN mean is the unweighted mean of the four architectures. Derived columns are live formulas.
A4: Split arm | B4: CNN mean accuracy | C4: 1-NN accuracy | D4: Majority baseline | E4: CNN over baseline | F4: 1-NN over baseline | G4: NN from same patient | H4: NN from same exam
A5: Slice-level | B5: =AVERAGE('By architecture'!$C$5,'By architecture'!$C$8,'By architecture'!$C$11,'By architecture'!$C$14) -> 64.6825 | C5: ='By architecture'!$C$17 -> 66.9 | D5: 39.76 | E5: =B5-D5 -> 24.9225 | F5: =C5-D5 -> 27.14 | G5: 51.29 | H5: 33.7
A6: Exam-level | B6: =AVERAGE('By architecture'!$C$6,'By architecture'!$C$9,'By architecture'!$C$12,'By architecture'!$C$15) -> 49.0875 | C6: ='By architecture'!$C$18 -> 47.33 | D6: 39.66 | E6: =B6-D6 -> 9.4275 | F6: =C6-D6 -> 7.67 | G6: 22.36 | H6: 0
A7: Participant-level | B7: =AVERAGE('By architecture'!$C$7,'By architecture'!$C$10,'By architecture'!$C$13,'By architecture'!$C$16) -> 42.3825 | C7: ='By architecture'!$C$19 -> 38.01 | D7: 39.77 | E7: =B7-D7 -> 2.6125 | F7: =C7-D7 -> -1.76 | G7: 0 | H7: 0
A9: Inflation relative to the participant-level arm
A10: Comparison | B10: CNN mean | C10: 1-NN control
A11: Slice minus participant | B11: =B5-B7 -> 22.3 | C11: =C5-C7 -> 28.89
A12: Exam minus participant | B12: =B6-B7 -> 6.705 | C12: =C6-C7 -> 9.32
A14: Reading: a classifier that cannot learn reaches 66.90% under slice-level splitting, above three of the four trained networks. Under participant-level splitting it falls below the majority baseline. The apparent performance in the slice arm is retrieval of near-duplicate images, not learned diagnosis.

Sheet Retrieval conditioning
A1: Where the retrieved neighbour came from, and whether it was right
A2: The mechanism behind the inflation, measured directly on the 1-NN control.
A4: Split arm | B4: Test slices whose NN is the same patient | C4: Accuracy when NN is same patient | D4: Accuracy when NN is another patient | E4: Majority baseline | F4: Same-patient advantage
A5: Slice-level | B5: 51.29 | C5: 93.57 | D5: 38.82 | E5: 39.76 | F5: =C5-D5 -> 54.75
A6: Exam-level | B6: 22.36 | C6: 80.3 | D6: 37.87 | E6: 39.66 | F6: =C6-D6 -> 42.43
A7: Participant-level | B7: 0 | C7: none occur | D7: 38.01 | E7: 39.77 | F7: n/a
A9: Under slice-level splitting the control is right 93.57% of the time when it retrieves another image of the same person and 38.82% of the time otherwise, which is below the 39.76 baseline. Exam-level splitting removes same-exam retrieval entirely, yet 22.36% of test slices still match a same-participant image from a different screening year. Participant-level splitting removes it by construction.

Sheet Per-class F1
A1: Per-class F1 by method and split arm
A2: The suspicious class is where the honest arms fail. Mean across 3 seeds.
A4: Method | B4: Split arm | C4: Benign | D4: Normal | E4: Suspicious | F4: Macro F1
A5: lungcnet | B5: Slice-level | C5: 66.72 | D5: 68.35 | E5: 52.61 | F5: ='By architecture'!$E$5 -> 62.56
A6: lungcnet | B6: Exam-level | C6: 57.11 | D6: 49.37 | E6: 0 | F6: ='By architecture'!$E$6 -> 35.49
A7: lungcnet | B7: Participant-level | C7: 50.77 | D7: 40.2 | E7: 0 | F7: ='By architecture'!$E$7 -> 30.32
A8: vgg16 | B8: Slice-level | C8: 76.33 | D8: 82 | E8: 68.49 | F8: ='By architecture'!$E$8 -> 75.61
A9: vgg16 | B9: Exam-level | C9: 54.4 | D9: 54.18 | E9: 0.79 | F9: ='By architecture'!$E$9 -> 36.46
A10: vgg16 | B10: Participant-level | C10: 52.04 | D10: 43.23 | E10: 0 | F10: ='By architecture'!$E$10 -> 31.75
A11: inceptionv3 | B11: Slice-level | C11: 59.49 | D11: 66.6 | E11: 43.6 | F11: ='By architecture'!$E$11 -> 56.56
A12: inceptionv3 | B12: Exam-level | C12: 55.74 | D12: 51.84 | E12: 26.13 | F12: ='By architecture'!$E$12 -> 44.57
A13: inceptionv3 | B13: Participant-level | C13: 48.74 | D13: 44.28 | E13: 6.85 | F13: ='By architecture'!$E$13 -> 33.29
A14: mobilenetv2 | B14: Slice-level | C14: 65.42 | D14: 50.41 | E14: 46.44 | F14: ='By architecture'!$E$14 -> 54.09
A15: mobilenetv2 | B15: Exam-level | C15: 56.75 | D15: 53.35 | E15: 13.03 | F15: ='By architecture'!$E$15 -> 41.04
A16: mobilenetv2 | B16: Participant-level | C16: 45.75 | D16: 45.9 | E16: 14.77 | F16: ='By architecture'!$E$16 -> 35.47
A17: 1-NN raw pixels | B17: Slice-level | C17: 68.18 | D17: 70.09 | E17: 58.41 | F17: ='By architecture'!$E$17 -> 65.56
A18: 1-NN raw pixels | B18: Exam-level | C18: 48.95 | D18: 53.51 | E18: 33.54 | F18: ='By architecture'!$E$18 -> 45.33
A19: 1-NN raw pixels | B19: Participant-level | C19: 40.24 | D19: 44.23 | E19: 20.74 | F19: ='By architecture'!$E$19 -> 35.07
A21: LungCNET and VGG16 stop predicting the suspicious class altogether under both honest arms, giving F1 of 0.00. The 1-NN control keeps distributing predictions across all three classes and so scores above them on macro F1 in the participant arm. Neither behaviour reflects useful discrimination, and macro F1 rankings within that arm should be treated as uninformative.

Sheet Control raw runs
A1: 1-NN control, every run
A2: One row per split arm and seed, as written by src/control_knn.py.
A4: arm | B4: seed | C4: n_train | D4: n_test | E4: test_accuracy | F4: test_macro_f1 | G4: majority_baseline | H4: above_baseline | I4: pct_nn_same_patient | J4: pct_nn_same_exam | K4: acc_when_nn_same_patient | L4: acc_when_nn_other_patient | M4: mean_nn_distance
A5: Slice-level | B5: 0 | C5: 4067 | D5: 1162 | E5: 66.01 | F5: 64.54 | G5: 39.76 | H5: 26.25 | I5: 51.2 | J5: 33.73 | K5: 93.78 | L5: 36.86 | M5: 3.4602
A6: Slice-level | B6: 1 | C6: 4067 | D6: 1162 | E6: 66.61 | F6: 65.32 | G6: 39.76 | H6: 26.85 | I6: 50.09 | J6: 33.39 | K6: 93.64 | L6: 39.48 | M6: 3.4653
A7: Slice-level | B7: 2 | C7: 4067 | D7: 1162 | E7: 68.07 | F7: 66.83 | G7: 39.76 | H7: 28.31 | I7: 52.58 | J7: 33.99 | K7: 93.29 | L7: 40.11 | M7: 3.4585
A8: Exam-level | B8: 0 | C8: 4070 | D8: 1160 | E8: 45 | F8: 43.77 | G8: 39.66 | H8: 5.34 | I8: 22.16 | J8: 0 | K8: 77.82 | L8: 35.66 | M8: 3.7953
A9: Exam-level | B9: 1 | C9: 4070 | D9: 1160 | E9: 48.53 | F9: 46.76 | G9: 39.66 | H9: 8.88 | I9: 23.79 | J9: 0 | K9: 78.99 | L9: 39.03 | M9: 3.8027
A10: Exam-level | B10: 2 | C10: 4070 | D10: 1160 | E10: 48.45 | F10: 45.46 | G10: 39.66 | H10: 8.79 | I10: 21.12 | J10: 0 | K10: 84.08 | L10: 38.91 | M10: 3.7472
A11: Participant-level | B11: 0 | C11: 4060 | D11: 1170 | E11: 38.55 | F11: 34.72 | G11: 40.17 | H11: -1.62 | I11: 0 | J11: 0 | K11: none occur | L11: 38.55 | M11: 3.9174
A12: Participant-level | B12: 1 | C12: 4090 | D12: 1140 | E12: 37.89 | F12: 34.84 | G12: 39.47 | H12: -1.58 | I12: 0 | J12: 0 | K12: none occur | L12: 37.89 | M12: 3.8473
A13: Participant-level | B13: 2 | C13: 4080 | D13: 1160 | E13: 37.59 | F13: 35.65 | G13: 39.66 | H13: -2.07 | I13: 0 | J13: 0 | K13: none occur | L13: 37.59 | M13: 3.8625

Sheet Notes
A1: Provenance and caveats
A3: Cohort | B3: NLST via TCIA. 200 participants, 581 exams, 5,810 PNG slices at 256x256, lung window level -600 width 1500, ten slices per exam from the middle 70% of the smallest OPA reconstruction with at least 100 slices. Stratified sample, seed 20260830.
A4: Labels | B4: Derived from the NLST clinical package, scr_res0/1/2 in the prsn table: code 1 normal, codes 2-3 benign, codes 4-6 suspicious. Applied at exam level and inherited by every slice of that exam.
A5: Split arms | B5: Slice-level keeps each image as its own group. Exam-level keeps a screening exam intact. Participant-level keeps all images of a participant intact. 70/10/20 train/val/test, partition sizes matched across arms.
A6: CNN runs | B6: 36 runs: 4 architectures x 3 arms x 3 seeds, all completed 31 Aug to 3 Sep 2026. Hyperparameters carried over unchanged from the published LungCNET paper so that differences between arms cannot be attributed to retuning.
A7: Control runs | B7: 9 runs: 3 arms x 3 seeds, 19 Oct 2026, on the same frozen splits. CPU only. 1-nearest-neighbour, Euclidean distance on 32x32 greyscale pixels scaled to [0,1].
A8: Known caveat | B8: The control uses 32x32 greyscale while the networks use 256x256 RGB. The comparison is not a fair contest between classifiers and is not meant to be. Its purpose is to show that slice-arm accuracy is attainable without learning, so that accuracy cannot be read as evidence of learned diagnostic ability.
A9: Known caveat | B9: Exam-level label inheritance means slices showing no abnormality still carry their exam's screening code. This caps achievable performance and is part of why the participant arm sits close to baseline.
A10: Known caveat | B10: Twelve rows of results_nlst.csv have an empty majority_baseline field, a consequence of a mid-campaign schema change patched by hand in the Colab notebook. All tables here recompute the baseline from the stored confusion matrices, so no figure depends on that field.
A11: Source files | B11: data/results_nlst.csv and data/results_control_knn.csv in github.com/elhamum/lungcnet-leakage
